65;0,3;0,1;2,5035
65;0,3;0,1;2,507
65;0,3;0,1;2,5105
65;0,3;0,1;2,514
65;0,3;0,1;2,5175
65;0,3;0,1;2,521
65;0,3;0,1;2,5245
65;0,3;0,1;2,528
65;0,3;0,1;2,5315
65;0,3;0,1;2,535
65;0,3;0,1;2,5385
65;0,3;0,1;2,542
65;0,3;0,1;2,5455
65;0,3;0,1;2,549
65;0,3;0,1;2,5525
65;0,3;0,1;2,556
65;0,3;0,1;2,5595
65;0,3;0,1;2,563
65;0,3;0,1;2,5665
65;0,3;0,1;2,57
65;0,3;0,1;2,5735
65;0,3;0,1;2,577
65;0,3;0,1;2,5805
65;0,3;0,1;2,584
65;0,3;0,1;2,5875
65;0,3;0,1;2,591
65;0,3;0,1;2,5945
65;0,3;0,1;2,598
65;0,3;0,1;2,6015
65;0,3;0,1;2,605
65;0,3;0,1;2,6085
65;0,3;0,1;2,612
65;0,3;0,1;2,6155
65;0,3;0,1;2,619
65;0,3;0,1;2,6225
65;0,3;0,1;2,626
65;0,3;0,1;2,6295
65;0,3;0,1;2,633
65;0,3;0,1;2,6365
65;0,3;0,1;2,64
65;0,3;0,1;2,6435
65;0,3;0,1;2,647
65;0,3;0,1;2,6505
65;0,3;0,1;2,654
65;0,3;0,1;2,6575
65;0,3;0,1;2,661
65;0,3;0,1;2,6645
65;0,3;0,1;2,668
65;0,3;0,1;2,6715
65;0,3;0,1;2,675
65;0,3;0,1;2,6785
65;0,3;0,1;2,682
65;0,3;0,1;2,6855
65;0,3;0,1;2,689
65;0,3;0,1;2,6925
65;0,3;0,1;2,696
65;0,3;0,1;2,6995
65;0,3;0,1;2,703
65;0,3;0,1;2,7065
65;0,3;0,1;2,71
65;0,3;0,1;2,7135
65;0,3;0,1;2,717
65;0,3;0,1;2,7205
65;0,3;0,1;2,724
65;0,3;0,1;2,7275
65;0,3;0,1;2,731
65;0,3;0,1;2,7345
65;0,3;0,1;2,738
65;0,3;0,1;2,7415
65;0,3;0,1;2,745
65;0,3;0,1;2,7485
65;0,3;0,1;2,752
65;0,3;0,1;2,7555
65;0,3;0,1;2,759
65;0,3;0,1;2,7625
65;0,3;0,1;2,766
65;0,3;0,1;2,7695
65;0,3;0,1;2,773
65;0,3;0,1;2,7765
65;0,3;0,1;2,78
65;0,3;0,1;2,7835
65;0,3;0,1;2,787
65;0,3;0,1;2,7905
65;0,3;0,1;2,794
65;0,3;0,1;2,7975
65;0,3;0,1;2,801
65;0,3;0,1;2,8045
65;0,3;0,1;2,808
65;0,3;0,1;2,8115
65;0,3;0,1;2,815
65;0,3;0,1;2,8185
65;0,3;0,1;2,822
65;0,3;0,1;2,8255
65;0,3;0,1;2,829
65;0,3;0,1;2,8325
65;0,3;0,1;2,836
65;0,3;0,1;2,8395
65;0,3;0,1;2,843
65;0,3;0,1;2,8465
65;0,3;0,1;2,85
65;0,3;0,1;2,8535
65;0,3;0,1;2,857
65;0,3;0,1;2,8605
65;0,3;0,1;2,864
65;0,3;0,1;2,8675
65;0,3;0,1;2,871
65;0,3;0,1;2,8745
65;0,3;0,1;2,878
65;0,3;0,1;2,8815
65;0,3;0,1;2,885
65;0,3;0,1;2,8885
65;0,3;0,1;2,892
65;0,3;0,1;2,8955
65;0,3;0,1;2,899
65;0,3;0,1;2,9025
65;0,3;0,1;2,906
65;0,3;0,1;2,9095
65;0,3;0,1;2,913
65;0,3;0,1;2,9165
65;0,3;0,1;2,92
65;0,3;0,1;2,9235
65;0,3;0,1;2,927
65;0,3;0,1;2,9305
65;0,3;0,1;2,934
65;0,3;0,1;2,9375
65;0,3;0,1;2,941
65;0,3;0,1;2,9445
65;0,3;0,1;2,948
65;0,3;0,1;2,9515
65;0,3;0,1;2,955
65;0,3;0,1;2,9585
65;0,3;0,1;2,962
65;0,3;0,1;2,9655
65;0,3;0,1;2,969
65;0,3;0,1;2,9725
65;0,3;0,1;2,976
65;0,3;0,1;2,9795
65;0,3;0,1;2,983
65;0,3;0,1;2,9865
65;0,3;0,1;2,99
65;0,3;0,1;2,9935
65;0,3;0,1;2,997
65;0,3;0,1;3,0005
65;0,3;0,1;3,004
65;0,3;0,1;3,0075
65;0,3;0,1;3,011
65;0,3;0,1;3,0145
65;0,3;0,1;3,018
65;0,3;0,1;3,0215
65;0,3;0,1;3,025
65;0,3;0,1;3,0285
65;0,3;0,1;3,032
65;0,3;0,1;3,0355
65;0,3;0,1;3,039
65;0,3;0,1;3,0425
65;0,3;0,1;3,046
65;0,3;0,1;3,0495
65;0,3;0,1;3,053
65;0,3;0,1;3,0565
65;0,3;0,1;3,06
65;0,3;0,1;3,0635
65;0,3;0,1;3,067
65;0,3;0,1;3,0705
65;0,3;0,1;3,074
65;0,3;0,1;3,0775
65;0,3;0,1;3,081
65;0,3;0,1;3,0845
65;0,3;0,1;3,088
65;0,3;0,1;3,0915
65;0,3;0,1;3,095
65;0,3;0,1;3,0985
65;0,3;0,1;3,102
65;0,3;0,1;3,1055
65;0,3;0,1;3,109
65;0,3;0,1;3,1125
65;0,3;0,1;3,116
65;0,3;0,1;3,1195
65;0,3;0,1;3,123
65;0,3;0,1;3,1265
65;0,3;0,1;3,13
65;0,3;0,1;3,1335
65;0,3;0,1;3,137
65;0,3;0,1;3,1405
65;0,3;0,1;3,144
65;0,3;0,1;3,1475
65;0,3;0,1;3,151
65;0,3;0,1;3,1545
65;0,3;0,1;3,158
65;0,3;0,1;3,1615
65;0,3;0,1;3,165
65;0,3;0,1;3,1685
65;0,3;0,1;3,172
65;0,3;0,1;3,1755
65;0,3;0,1;3,179
65;0,3;0,1;3,1825
65;0,3;0,1;3,186
65;0,3;0,1;3,1895
65;0,3;0,1;3,193
65;0,3;0,1;3,1965
65;0,3;0,1;3,2
65;0,3;0,1;3,2035
65;0,3;0,1;3,207
65;0,3;0,1;3,2105
65;0,3;0,1;3,214
65;0,3;0,1;3,2175
65;0,3;0,1;3,221
65;0,3;0,1;3,2245
65;0,3;0,1;3,228
65;0,3;0,1;3,2315
65;0,3;0,1;3,235
65;0,3;0,1;3,2385
65;0,3;0,1;3,242
65;0,3;0,1;3,2455
65;0,3;0,1;3,249
65;0,3;0,1;3,2525
65;0,3;0,1;3,256
65;0,3;0,1;3,2595
65;0,3;0,1;3,263
65;0,3;0,1;3,2665
65;0,3;0,1;3,27
65;0,3;0,1;3,2735
65;0,3;0,1;3,277
65;0,3;0,1;3,2805
65;0,3;0,1;3,284
65;0,3;0,1;3,2875
65;0,3;0,1;3,291
65;0,3;0,1;3,2945
65;0,3;0,1;3,298
65;0,3;0,1;3,3015
65;0,3;0,1;3,305
65;0,3;0,1;3,3085
65;0,3;0,1;3,312
65;0,3;0,1;3,3155
65;0,3;0,1;3,319
65;0,3;0,1;3,3225
65;0,3;0,1;3,326
65;0,3;0,1;3,3295
65;0,3;0,1;3,333
65;0,3;0,1;3,3365
65;0,3;0,1;3,34
65;0,3;0,1;3,3435
65;0,3;0,1;3,347
65;0,3;0,1;3,3505
65;0,3;0,1;3,354
65;0,3;0,1;3,3575
65;0,3;0,1;3,361
65;0,3;0,1;3,3645
65;0,3;0,1;3,368
65;0,3;0,1;3,3715
65;0,3;0,1;3,375
65;0,3;0,1;3,3785
65;0,3;0,1;3,382
65;0,3;0,1;3,3855
65;0,3;0,1;3,389
65;0,3;0,1;3,3925
65;0,3;0,1;3,396
65;0,3;0,1;3,3995
65;0,3;0,1;3,403
65;0,3;0,1;3,4065
65;0,3;0,1;3,41
65;0,3;0,1;3,4135
65;0,3;0,1;3,417
65;0,3;0,1;3,4205
65;0,3;0,1;3,424
65;0,3;0,1;3,4275
65;0,3;0,1;3,431
65;0,3;0,1;3,4345
65;0,3;0,1;3,438
65;0,3;0,1;3,4415
65;0,3;0,1;3,445
65;0,3;0,1;3,4485
65;0,3;0,1;3,452
65;0,3;0,1;3,4555
65;0,3;0,1;3,459
65;0,3;0,1;3,4625
65;0,3;0,1;3,466
65;0,3;0,1;3,4695
65;0,3;0,1;3,473
65;0,3;0,1;3,4765
65;0,3;0,1;3,48
65;0,3;0,1;3,4835
65;0,3;0,1;3,487
65;0,3;0,1;3,4905
65;0,3;0,1;3,494
65;0,3;0,1;3,4975
65;0,3;0,1;3,501
65;0,3;0,1;3,5045
65;0,3;0,1;3,508
65;0,3;0,1;3,5115
65;0,3;0,1;3,515
65;0,3;0,1;3,5185
65;0,3;0,1;3,522
65;0,3;0,1;3,5255
65;0,3;0,1;3,529
65;0,3;0,1;3,5325
65;0,3;0,1;3,536
65;0,3;0,1;3,5395
65;0,3;0,1;3,543
65;0,3;0,1;3,5465
65;0,3;0,1;3,55
65;0,3;0,1;3,5535
65;0,3;0,1;3,557
65;0,3;0,1;3,5605
65;0,3;0,1;3,564
65;0,3;0,1;3,5675
65;0,3;0,1;3,571
65;0,3;0,1;3,5745
65;0,3;0,1;3,578
65;0,3;0,1;3,5815
65;0,3;0,1;3,585
65;0,3;0,1;3,5885
65;0,3;0,1;3,592
65;0,3;0,1;3,5955
65;0,3;0,1;3,599
65;0,3;0,1;3,6025
65;0,3;0,1;3,606
65;0,3;0,1;3,6095
65;0,3;0,1;3,613
65;0,3;0,1;3,6165
65;0,3;0,1;3,62
65;0,3;0,1;3,6235
65;0,3;0,1;3,627
65;0,3;0,1;3,6305
65;0,3;0,1;3,634
65;0,3;0,1;3,6375
65;0,3;0,1;3,641
65;0,3;0,1;3,6445
65;0,3;0,1;3,648
65;0,3;0,1;3,6515
65;0,3;0,1;3,655
65;0,3;0,1;3,6585
65;0,3;0,1;3,662
65;0,3;0,1;3,6655
65;0,3;0,1;3,669
65;0,3;0,1;3,6725
65;0,3;0,1;3,676
65;0,3;0,1;3,6795
65;0,3;0,1;3,683
65;0,3;0,1;3,6865
65;0,3;0,1;3,69
65;0,3;0,1;3,6935
65;0,3;0,1;3,697
65;0,3;0,1;3,7005
65;0,3;0,1;3,704
65;0,3;0,1;3,7075
65;0,3;0,1;3,711
65;0,3;0,1;3,7145
65;0,3;0,1;3,718
65;0,3;0,1;3,7215
65;0,3;0,1;3,725
65;0,3;0,1;3,7285
65;0,3;0,1;3,732
65;0,3;0,1;3,7355
65;0,3;0,1;3,739
65;0,3;0,1;3,7425
65;0,3;0,1;3,746
65;0,3;0,1;3,7495
65;0,3;0,1;3,753
65;0,3;0,1;3,7565
65;0,3;0,1;3,76
65;0,3;0,1;3,7635
65;0,3;0,1;3,767
65;0,3;0,1;3,7705
65;0,3;0,1;3,774
65;0,3;0,1;3,7775
65;0,3;0,1;3,781
65;0,3;0,1;3,7845
65;0,3;0,1;3,788
65;0,3;0,1;3,7915
65;0,3;0,1;3,795
65;0,3;0,1;3,7985
65;0,3;0,1;3,802
65;0,3;0,1;3,8055
65;0,3;0,1;3,809
65;0,3;0,1;3,8125
65;0,3;0,1;3,816
65;0,3;0,1;3,8195
65;0,3;0,1;3,823
65;0,3;0,1;3,8265
65;0,3;0,1;3,83
65;0,3;0,1;3,8335
65;0,3;0,1;3,837
65;0,3;0,1;3,8405
65;0,3;0,1;3,844
65;0,3;0,1;3,8475
65;0,3;0,1;3,851
65;0,3;0,1;3,8545
65;0,3;0,1;3,858
65;0,3;0,1;3,8615
65;0,3;0,1;3,865
65;0,3;0,1;3,8685
65;0,3;0,1;3,872
65;0,3;0,1;3,8755
65;0,3;0,1;3,879
65;0,3;0,1;3,8825
65;0,3;0,1;3,886
65;0,3;0,1;3,8895
65;0,3;0,1;3,893
65;0,3;0,1;3,8965
65;0,3;0,1;3,9
65;0,3;0,1;3,9035
65;0,3;0,1;3,907
65;0,3;0,1;3,9105
65;0,3;0,1;3,914
65;0,3;0,1;3,9175
65;0,3;0,1;3,921
65;0,3;0,1;3,9245
65;0,3;0,1;3,928
65;0,3;0,1;3,9315
65;0,3;0,1;3,935
65;0,3;0,1;3,9385
65;0,3;0,1;3,942
65;0,3;0,1;3,9455
65;0,3;0,1;3,949
65;0,3;0,1;3,9525
65;0,3;0,1;3,956
65;0,3;0,1;3,9595
65;0,3;0,1;3,963
65;0,3;0,1;3,9665
65;0,3;0,1;3,97
65;0,3;0,1;3,9735
65;0,3;0,1;3,977
65;0,3;0,1;3,9805
65;0,3;0,1;3,984
65;0,3;0,1;3,9875
65;0,3;0,1;3,991
65;0,3;0,1;3,9945
65;0,3;0,1;3,998
65;0,3;0,1;4,0015
65;0,3;0,1;4,005
65;0,3;0,1;4,0085
65;0,3;0,1;4,012
65;0,3;0,1;4,0155
65;0,3;0,1;4,019
65;0,3;0,1;4,0225
65;0,3;0,1;4,026
65;0,3;0,1;4,0295
65;0,3;0,1;4,033
65;0,3;0,1;4,0365
65;0,3;0,1;4,04
65;0,3;0,1;4,0435
65;0,3;0,1;4,047
65;0,3;0,1;4,0505
65;0,3;0,1;4,054
65;0,3;0,1;4,0575
65;0,3;0,1;4,061
65;0,3;0,1;4,0645
65;0,3;0,1;4,068
65;0,3;0,1;4,0715
65;0,3;0,1;4,075
65;0,3;0,1;4,0785
65;0,3;0,1;4,082
65;0,3;0,1;4,0855
65;0,3;0,1;4,089
65;0,3;0,1;4,0925
65;0,3;0,1;4,096
65;0,3;0,1;4,0995
65;0,3;0,1;4,103
65;0,3;0,1;4,1065
65;0,3;0,1;4,11
65;0,3;0,1;4,1135
65;0,3;0,1;4,117
65;0,3;0,1;4,1205
65;0,3;0,1;4,124
65;0,3;0,1;4,1275
65;0,3;0,1;4,131
65;0,3;0,1;4,1345
65;0,3;0,1;4,138
65;0,3;0,1;4,1415
65;0,3;0,1;4,145
65;0,3;0,1;4,1485
65;0,3;0,1;4,152
65;0,3;0,1;4,1555
65;0,3;0,1;4,159
65;0,3;0,1;4,1625
65;0,3;0,1;4,166
65;0,3;0,1;4,1695
65;0,3;0,1;4,173
65;0,3;0,1;4,1765
65;0,3;0,1;4,18
65;0,3;0,1;4,1835
65;0,3;0,1;4,187
65;0,3;0,1;4,1905
65;0,3;0,1;4,194
65;0,3;0,1;4,1975
65;0,3;0,1;4,201
65;0,3;0,1;4,2045
65;0,3;0,1;4,208
65;0,3;0,1;4,2115
65;0,3;0,1;4,215
65;0,3;0,1;4,2185
65;0,3;0,1;4,222
65;0,3;0,1;4,2255
65;0,3;0,1;4,229
65;0,3;0,1;4,2325
65;0,3;0,1;4,236
65;0,3;0,1;4,2395
65;0,3;0,1;4,243
65;0,3;0,1;4,2465
65;0,3;0,1;4,25
65;0,3;0,1;4,2535
65;0,3;0,1;4,257
65;0,3;0,1;4,2605
65;0,3;0,1;4,264
65;0,3;0,1;4,2675
65;0,3;0,1;4,271
65;0,3;0,1;4,2745
65;0,3;0,1;4,278
65;0,3;0,1;4,2815
65;0,3;0,1;4,285
65;0,3;0,1;4,2885
65;0,3;0,1;4,292
65;0,3;0,1;4,2955
65;0,3;0,1;4,299
65;0,3;0,1;4,3025
65;0,3;0,1;4,306
65;0,3;0,1;4,3095
65;0,3;0,1;4,313
65;0,3;0,1;4,3165
65;0,3;0,1;4,32
65;0,3;0,1;4,3235
65;0,3;0,1;4,327
65;0,3;0,1;4,3305
65;0,3;0,1;4,334
65;0,3;0,1;4,3375
65;0,3;0,1;4,341
65;0,3;0,1;4,3445
65;0,3;0,1;4,348
65;0,3;0,1;4,3515
65;0,3;0,1;4,355
65;0,3;0,1;4,3585
65;0,3;0,1;4,362
65;0,3;0,1;4,3655
65;0,3;0,1;4,369
65;0,3;0,1;4,3725
65;0,3;0,1;4,376
65;0,3;0,1;4,3795
65;0,3;0,1;4,383
65;0,3;0,1;4,3865
65;0,3;0,1;4,39
65;0,3;0,1;4,3935
65;0,3;0,1;4,397
65;0,3;0,1;4,4005
65;0,3;0,1;4,404
65;0,3;0,1;4,4075
65;0,3;0,1;4,411
65;0,3;0,1;4,4145
65;0,3;0,1;4,418
65;0,3;0,1;4,4215
65;0,3;0,1;4,425
65;0,3;0,1;4,4285
65;0,3;0,1;4,432
65;0,3;0,1;4,4355
65;0,3;0,1;4,439
65;0,3;0,1;4,4425
65;0,3;0,1;4,446
65;0,3;0,1;4,4495
65;0,3;0,1;4,453
65;0,3;0,1;4,4565
65;0,3;0,1;4,46
65;0,3;0,1;4,4635
65;0,3;0,1;4,467
65;0,3;0,1;4,4705
65;0,3;0,1;4,474
65;0,3;0,1;4,4775
65;0,3;0,1;4,481
65;0,3;0,1;4,4845
65;0,3;0,1;4,488
65;0,3;0,1;4,4915
65;0,3;0,1;4,495
65;0,3;0,1;4,4985
65;0,3;0,1;4,502
65;0,3;0,1;4,5055
65;0,3;0,1;4,509
65;0,3;0,1;4,5125
65;0,3;0,1;4,516
65;0,3;0,1;4,5195
65;0,3;0,1;4,523
65;0,3;0,1;4,5265
65;0,3;0,1;4,53
65;0,3;0,1;4,5335
65;0,3;0,1;4,537
65;0,3;0,1;4,5405
65;0,3;0,1;4,544
65;0,3;0,1;4,5475
65;0,3;0,1;4,551
65;0,3;0,1;4,5545
65;0,3;0,1;4,558
65;0,3;0,1;4,5615
65;0,3;0,1;4,565
65;0,3;0,1;4,5685
65;0,3;0,1;4,572
65;0,3;0,1;4,5755
65;0,3;0,1;4,579
65;0,3;0,1;4,5825
65;0,3;0,1;4,586
65;0,3;0,1;4,5895
65;0,3;0,1;4,593
65;0,3;0,1;4,5965
65;0,3;0,1;4,6
65;0,3;0,1;4,6035
65;0,3;0,1;4,607
65;0,3;0,1;4,6105
65;0,3;0,1;4,614
65;0,3;0,1;4,6175
65;0,3;0,1;4,621
65;0,3;0,1;4,6245
65;0,3;0,1;4,628
65;0,3;0,1;4,6315
65;0,3;0,1;4,635
65;0,3;0,1;4,6385
65;0,3;0,1;4,642
65;0,3;0,1;4,6455
65;0,3;0,1;4,649
65;0,3;0,1;4,6525
65;0,3;0,1;4,656
65;0,3;0,1;4,6595
65;0,3;0,1;4,663
65;0,3;0,1;4,6665
65;0,3;0,1;4,67
65;0,3;0,1;4,6735
65;0,3;0,1;4,677
65;0,3;0,1;4,6805
65;0,3;0,1;4,684
65;0,3;0,1;4,6875
65;0,3;0,1;4,691
65;0,3;0,1;4,6945
65;0,3;0,1;4,698
65;0,3;0,1;4,7015
65;0,3;0,1;4,705
65;0,3;0,1;4,7085
65;0,3;0,1;4,712
65;0,3;0,1;4,7155
65;0,3;0,1;4,719
65;0,3;0,1;4,7225
65;0,3;0,1;4,726
65;0,3;0,1;4,7295
65;0,3;0,1;4,733
65;0,3;0,1;4,7365
65;0,3;0,1;4,74
65;0,3;0,1;4,7435
65;0,3;0,1;4,747
65;0,3;0,1;4,7505
65;0,3;0,1;4,754
65;0,3;0,1;4,7575
65;0,3;0,1;4,761
65;0,3;0,1;4,7645
65;0,3;0,1;4,768
65;0,3;0,1;4,7715
65;0,3;0,1;4,775
65;0,3;0,1;4,7785
65;0,3;0,1;4,782
65;0,3;0,1;4,7855
65;0,3;0,1;4,789
65;0,3;0,1;4,7925
65;0,3;0,1;4,796
65;0,3;0,1;4,7995
65;0,3;0,1;4,803
65;0,3;0,1;4,8065
65;0,3;0,1;4,81
65;0,3;0,1;4,8135
65;0,3;0,1;4,817
65;0,3;0,1;4,8205
65;0,3;0,1;4,824
65;0,3;0,1;4,8275
65;0,3;0,1;4,831
65;0,3;0,1;4,8345
65;0,3;0,1;4,838
65;0,3;0,1;4,8415
65;0,3;0,1;4,845
65;0,3;0,1;4,8485
65;0,3;0,1;4,852
65;0,3;0,1;4,8555
65;0,3;0,1;4,859
65;0,3;0,1;4,8625
65;0,3;0,1;4,866
65;0,3;0,1;4,8695
65;0,3;0,1;4,873
65;0,3;0,1;4,8765
65;0,3;0,1;4,88
65;0,3;0,1;4,8835
65;0,3;0,1;4,887
65;0,3;0,1;4,8905
65;0,3;0,1;4,894
65;0,3;0,1;4,8975
65;0,3;0,1;4,901
65;0,3;0,1;4,9045
65;0,3;0,1;4,908
65;0,3;0,1;4,9115
65;0,3;0,1;4,915
65;0,3;0,1;4,9185
65;0,3;0,1;4,922
65;0,3;0,1;4,9255
65;0,3;0,1;4,929
65;0,3;0,1;4,9325
65;0,3;0,1;4,936
65;0,3;0,1;4,9395
65;0,3;0,1;4,943
65;0,3;0,1;4,9465
65;0,3;0,1;4,95
65;0,3;0,1;4,9535
65;0,3;0,1;4,957
65;0,3;0,1;4,9605
65;0,3;0,1;4,964
65;0,3;0,1;4,9675
65;0,3;0,1;4,971
65;0,3;0,1;4,9745
65;0,3;0,1;4,978
65;0,3;0,1;4,9815
65;0,3;0,1;4,985
65;0,3;0,1;4,9885
65;0,3;0,1;4,992
65;0,3;0,1;4,9955
65;0,3;0,1;4,999
65;0,3;0,1;5,0025
65;0,3;0,1;5,006
65;0,3;0,1;5,0095
65;0,3;0,1;5,013
65;0,3;0,1;5,0165
65;0,3;0,1;5,02
65;0,3;0,1;5,0235
65;0,3;0,1;5,027
65;0,3;0,1;5,0305
65;0,3;0,1;5,034
65;0,3;0,1;5,0375
65;0,3;0,1;5,041
65;0,3;0,1;5,0445
65;0,3;0,1;5,048
65;0,3;0,1;5,0515
65;0,3;0,1;5,055
65;0,3;0,1;5,0585
65;0,3;0,1;5,062
65;0,3;0,1;5,0655
65;0,3;0,1;5,069
65;0,3;0,1;5,0725
65;0,3;0,1;5,076
65;0,3;0,1;5,0795
65;0,3;0,1;5,083
65;0,3;0,1;5,0865
65;0,3;0,1;5,09
65;0,3;0,1;5,0935
65;0,3;0,1;5,097
65;0,3;0,1;5,1005
65;0,3;0,1;5,104
65;0,3;0,1;5,1075
65;0,3;0,1;5,111
65;0,3;0,1;5,1145
65;0,3;0,1;5,118
65;0,3;0,1;5,1215
65;0,3;0,1;5,125
65;0,3;0,1;5,1285
65;0,3;0,1;5,132
65;0,3;0,1;5,1355
65;0,3;0,1;5,139
65;0,3;0,1;5,1425
65;0,3;0,1;5,146
65;0,3;0,1;5,1495
65;0,3;0,1;5,153
65;0,3;0,1;5,1565
65;0,3;0,1;5,16
65;0,3;0,1;5,1635
65;0,3;0,1;5,167
65;0,3;0,1;5,1705
65;0,3;0,1;5,174
65;0,3;0,1;5,1775
65;0,3;0,1;5,181
65;0,3;0,1;5,1845
65;0,3;0,1;5,188
65;0,3;0,1;5,1915
65;0,3;0,1;5,195
65;0,3;0,1;5,1985
65;0,3;0,1;5,202
65;0,3;0,1;5,2055
65;0,3;0,1;5,209
65;0,3;0,1;5,2125
65;0,3;0,1;5,216
65;0,3;0,1;5,2195
65;0,3;0,1;5,223
65;0,3;0,1;5,2265
65;0,3;0,1;5,23
65;0,3;0,1;5,2335
65;0,3;0,1;5,237
65;0,3;0,1;5,2405
65;0,3;0,1;5,244
65;0,3;0,1;5,2475
65;0,3;0,1;5,251
65;0,3;0,1;5,2545
65;0,3;0,1;5,258
65;0,3;0,1;5,2615
65;0,3;0,1;5,265
65;0,3;0,1;5,2685
65;0,3;0,1;5,272
65;0,3;0,1;5,2755
65;0,3;0,1;5,279
65;0,3;0,1;5,2825
65;0,3;0,1;5,286
65;0,3;0,1;5,2895
65;0,3;0,1;5,293
65;0,3;0,1;5,2965
65;0,3;0,1;5,3
65;0,3;0,1;5,3035
65;0,3;0,1;5,307
65;0,3;0,1;5,3105
65;0,3;0,1;5,314
65;0,3;0,1;5,3175
65;0,3;0,1;5,321
65;0,3;0,1;5,3245
65;0,3;0,1;5,328
65;0,3;0,1;5,3315
65;0,3;0,1;5,335
65;0,3;0,1;5,3385
65;0,3;0,1;5,342
65;0,3;0,1;5,3455
65;0,3;0,1;5,349
65;0,3;0,1;5,3525
65;0,3;0,1;5,356
65;0,3;0,1;5,3595
65;0,3;0,1;5,363
65;0,3;0,1;5,3665
65;0,3;0,1;5,37
65;0,3;0,1;5,3735
65;0,3;0,1;5,377
65;0,3;0,1;5,3805
65;0,3;0,1;5,384
65;0,3;0,1;5,3875
65;0,3;0,1;5,391
65;0,3;0,1;5,3945
65;0,3;0,1;5,398
65;0,3;0,1;5,4015
65;0,3;0,1;5,405
65;0,3;0,1;5,4085
65;0,3;0,1;5,412
65;0,3;0,1;5,4155
65;0,3;0,1;5,419
65;0,3;0,1;5,4225
65;0,3;0,1;5,426
65;0,3;0,1;5,4295
65;0,3;0,1;5,433
65;0,3;0,1;5,4365
65;0,3;0,1;5,44
65;0,3;0,1;5,4435
65;0,3;0,1;5,447
65;0,3;0,1;5,4505
65;0,3;0,1;5,454
65;0,3;0,1;5,4575
65;0,3;0,1;5,461
65;0,3;0,1;5,4645
65;0,3;0,1;5,468
65;0,3;0,1;5,4715
65;0,3;0,1;5,475
65;0,3;0,1;5,4785
65;0,3;0,1;5,482
65;0,3;0,1;5,4855
65;0,3;0,1;5,489
65;0,3;0,1;5,4925
65;0,3;0,1;5,496
65;0,3;0,1;5,4995
65;0,3;0,1;5,503
65;0,3;0,1;5,5065
65;0,3;0,1;5,51
65;0,3;0,1;5,5135
65;0,3;0,1;5,517
65;0,3;0,1;5,5205
65;0,3;0,1;5,524
65;0,3;0,1;5,5275
65;0,3;0,1;5,531
65;0,3;0,1;5,5345
65;0,3;0,1;5,538
65;0,3;0,1;5,5415
65;0,3;0,1;5,545
65;0,3;0,1;5,5485
65;0,3;0,1;5,552
65;0,3;0,1;5,5555
65;0,3;0,1;5,559
65;0,3;0,1;5,5625
65;0,3;0,1;5,566
65;0,3;0,1;5,5695
65;0,3;0,1;5,573
65;0,3;0,1;5,5765
65;0,3;0,1;5,58
65;0,3;0,1;5,5835
65;0,3;0,1;5,587
65;0,3;0,1;5,5905
65;0,3;0,1;5,594
65;0,3;0,1;5,5975
65;0,3;0,1;5,601
65;0,3;0,1;5,6045
65;0,3;0,1;5,608
65;0,3;0,1;5,6115
65;0,3;0,1;5,615
65;0,3;0,1;5,6185
65;0,3;0,1;5,622
65;0,3;0,1;5,6255
65;0,3;0,1;5,629
65;0,3;0,1;5,6325
65;0,3;0,1;5,636
65;0,3;0,1;5,6395
65;0,3;0,1;5,643
65;0,3;0,1;5,6465
65;0,3;0,1;5,65
65;0,3;0,1;5,6535
65;0,3;0,1;5,657
65;0,3;0,1;5,6605
65;0,3;0,1;5,664
65;0,3;0,1;5,6675
65;0,3;0,1;5,671
65;0,3;0,1;5,6745
65;0,3;0,1;5,678
65;0,3;0,1;5,6815
65;0,3;0,1;5,685
65;0,3;0,1;5,6885
65;0,3;0,1;5,692
65;0,3;0,1;5,6955
65;0,3;0,1;5,699
65;0,3;0,1;5,7025
65;0,3;0,1;5,706
65;0,3;0,1;5,7095
65;0,3;0,1;5,713
65;0,3;0,1;5,7165
65;0,3;0,1;5,72
65;0,3;0,1;5,7235
65;0,3;0,1;5,727
65;0,3;0,1;5,7305
65;0,3;0,1;5,734
65;0,3;0,1;5,7375
65;0,3;0,1;5,741
65;0,3;0,1;5,7445
65;0,3;0,1;5,748
65;0,3;0,1;5,7515
65;0,3;0,1;5,755
65;0,3;0,1;5,7585
65;0,3;0,1;5,762
65;0,3;0,1;5,7655
65;0,3;0,1;5,769
65;0,3;0,1;5,7725
65;0,3;0,1;5,776
65;0,3;0,1;5,7795
65;0,3;0,1;5,783
65;0,3;0,1;5,7865
65;0,3;0,1;5,79
65;0,3;0,1;5,7935
65;0,3;0,1;5,797
65;0,3;0,1;5,8005
65;0,3;0,1;5,804
65;0,3;0,1;5,8075
65;0,3;0,1;5,811
65;0,3;0,1;5,8145
65;0,3;0,1;5,818
65;0,3;0,1;5,8215
65;0,3;0,1;5,825
65;0,3;0,1;5,8285
65;0,3;0,1;5,832
65;0,3;0,1;5,8355
65;0,3;0,1;5,839
65;0,3;0,1;5,8425
65;0,3;0,1;5,846
65;0,3;0,1;5,8495
65;0,3;0,1;5,853
65;0,3;0,1;5,8565
65;0,3;0,1;5,86
65;0,3;0,1;5,8635
65;0,3;0,1;5,867
65;0,3;0,1;5,8705
65;0,3;0,1;5,874
65;0,3;0,1;5,8775
65;0,3;0,1;5,881
65;0,3;0,1;5,8845
65;0,3;0,1;5,888
65;0,3;0,1;5,8915
65;0,3;0,1;5,895
65;0,3;0,1;5,8985
65;0,3;0,1;5,902
65;0,3;0,1;5,9055
65;0,3;0,1;5,909
65;0,3;0,1;5,9125
65;0,3;0,1;5,916
65;0,3;0,1;5,9195
65;0,3;0,1;5,923
65;0,3;0,1;5,9265
65;0,3;0,1;5,93
65;0,3;0,1;5,9335
65;0,3;0,1;5,937
65;0,3;0,1;5,9405
65;0,3;0,1;5,944
65;0,3;0,1;5,9475
65;0,3;0,1;5,951
65;0,3;0,1;5,9545
65;0,3;0,1;5,958
65;0,3;0,1;5,9615
65;0,3;0,1;5,965
65;0,3;0,1;5,9685
65;0,3;0,1;5,972
65;0,3;0,1;5,9755
65;0,3;0,1;5,979
65;0,3;0,1;5,9825
65;0,3;0,1;5,986
65;0,3;0,1;5,9895
65;0,3;0,1;5,993
65;0,3;0,1;5,9965
65;0,3;0,1;6
